周三（7日）,晴,33℃/18℃,西北风转西风,<3级
周四（8日）,晴转多云,33℃/18℃,西南风转南风,<3级
周五（9日）,阴,32℃/22℃,东南风转南风,<3级
周六（10日）,雨转阴,36℃/23℃,东南风转南风,<3级
周日（11日）,阴,35℃/24℃,南风,<3级
周一（12日）,雨,31℃/22℃,北风转南风,3-4级转<3级
周二（13日）,多云转阴,35℃/25℃,南风,<3级
周三（14日）,雨转阴,34℃/23℃,西南风转南风,<3级
周三（7日）,晴,33℃/18℃,西北风转西风,<3级
周四（8日）,晴转多云,33℃/18℃,西南风转南风,<3级
周五（9日）,阴,32℃/22℃,东南风转南风,<3级
周六（10日）,雨转阴,36℃/23℃,东南风转南风,<3级
周日（11日）,阴,35℃/24℃,南风,<3级
周一（12日）,雨,31℃/22℃,北风转南风,3-4级转<3级
周二（13日）,多云转阴,35℃/25℃,南风,<3级
周三（14日）,雨转阴,34℃/23℃,西南风转南风,<3级
周三（7日）,晴,33℃/18℃,西北风转西风,<3级
周四（8日）,晴转多云,33℃/18℃,西南风转南风,<3级
周五（9日）,阴,32℃/22℃,东南风转南风,<3级
周六（10日）,雨转阴,36℃/23℃,东南风转南风,<3级
周日（11日）,阴,35℃/24℃,南风,<3级
周一（12日）,雨,31℃/22℃,北风转南风,3-4级转<3级
周二（13日）,多云转阴,35℃/25℃,南风,<3级
周三（14日）,雨转阴,34℃/23℃,西南风转南风,<3级
周三（7日）,晴,33℃/18℃,西北风转西风,<3级
周四（8日）,晴转多云,33℃/18℃,西南风转南风,<3级
周五（9日）,阴,32℃/22℃,东南风转南风,<3级
周六（10日）,雨转阴,36℃/23℃,东南风转南风,<3级
周日（11日）,阴,35℃/24℃,南风,<3级
周一（12日）,雨,31℃/22℃,北风转南风,3-4级转<3级
周二（13日）,多云转阴,35℃/25℃,南风,<3级
周三（14日）,雨转阴,34℃/23℃,西南风转南风,<3级
周三（7日）,晴,33℃/18℃,西北风转西风,<3级
周四（8日）,晴转多云,33℃/18℃,西南风转南风,<3级
周五（9日）,阴,32℃/22℃,东南风转南风,<3级
周六（10日）,雨转阴,36℃/23℃,东南风转南风,<3级
周日（11日）,阴,35℃/24℃,南风,<3级
周一（12日）,雨,31℃/22℃,北风转南风,3-4级转<3级
周二（13日）,多云转阴,35℃/25℃,南风,<3级
周三（14日）,雨转阴,34℃/23℃,西南风转南风,<3级
